chi_squared,mu,M
7.810384863427609e-05,0.41213529448945097,26
