chi_squared,mu,M
0.0004817024119537787,0.37528789772499105,15
