Parameter,Value
R_m,0.10791238798285631
R_k,98.56327959557893
Q,282.89679281509353
alpha,109.89224863873464
L,1.7466260611135092
