chi_squared,mu,M
0.00018836155744618842,0.4431778626043946,19
