chi_squared,mu,M
0.0014584000886931896,0.4739365774861989,15
