chi_squared,mu,M
0.0002493265750034574,0.37380106874913455,25
