chi_squared,mu,M
0.00015736520842215626,0.3782198707373676,21
