chi_squared,mu,M
0.00024264945374345503,0.3855326201984062,21
