chi_squared,mu,M
0.00016943478607043454,0.4368581111715294,20
