chi_squared,mu,M
0.00014682782403034803,0.4787096028705049,26
