chi_squared,mu,M
0.0001602018712812522,0.4931800901070622,23
