chi_squared,mu,M
0.00036231861862587685,0.43004585360651915,21
