chi_squared,mu,M
0.0012861982094778959,0.470619472619619,16
