chi_squared,mu,M
0.0015066113554239424,0.41400010026709444,10
