chi_squared,mu,M
0.0008200595696276244,0.4063728865667089,13
