chi_squared,mu,M
0.0005240972068355068,0.47047983634852053,17
