chi_squared,mu,M
0.00016237553411897797,0.4902412037106225,20
