Parameter,Value,Error
R_0,0.007397969680944064,
B_1_0,0.016054869383472538,
B_1_1,1e+32,
B_1_2,60.041216501158985,
B_1_3,0.986396878123374,
B_1_4,0.8527063078299635,
