chi_squared,mu,M
0.0008960334305035886,0.49965354007736673,17
