chi_squared,mu,M
0.0006899890384361516,0.44475238022867825,18
